agent,env,seed,omega_idx,hv
preference_ppo,dag_scheduler_mo-v0,0,0,4.593176117164548e-05
preference_ppo,dag_scheduler_mo-v0,1,0,4.590733724003657e-05
preference_ppo,dag_scheduler_mo-v0,2,0,4.594354073747526e-05
preference_ppo,dag_scheduler_mo-v0,0,1,1.4370309120421703e-05
preference_ppo,dag_scheduler_mo-v0,1,1,1.437947129876917e-05
preference_ppo,dag_scheduler_mo-v0,2,1,1.4385776166229679e-05
preference_ppo,dag_scheduler_mo-v0,0,2,1.4378489937584846e-05
preference_ppo,dag_scheduler_mo-v0,1,2,1.4373143877347037e-05
preference_ppo,dag_scheduler_mo-v0,2,2,1.4375012052747679e-05
preference_ppo,dag_scheduler_mo-v0,0,3,1.4396794594685474e-05
preference_ppo,dag_scheduler_mo-v0,1,3,1.4403768273579157e-05
preference_ppo,dag_scheduler_mo-v0,2,3,1.4411430141038078e-05
preference_ppo,dag_scheduler_mo-v0,0,4,2.1027640740553063e-05
preference_ppo,dag_scheduler_mo-v0,1,4,2.103923775696835e-05
preference_ppo,dag_scheduler_mo-v0,2,4,2.0923882201323643e-05
envelope_morl,dag_scheduler_mo-v0,0,0,4.613131280753296e-05
envelope_morl,dag_scheduler_mo-v0,1,0,4.096848636501364e-05
envelope_morl,dag_scheduler_mo-v0,2,0,4.101697611723922e-05
envelope_morl,dag_scheduler_mo-v0,0,1,1.4440968921516119e-05
envelope_morl,dag_scheduler_mo-v0,1,1,2.5644075144847122e-05
envelope_morl,dag_scheduler_mo-v0,2,1,2.8814143119058324e-05
envelope_morl,dag_scheduler_mo-v0,0,2,2.8833406271610354e-05
envelope_morl,dag_scheduler_mo-v0,1,2,1.4437354787550657e-05
envelope_morl,dag_scheduler_mo-v0,2,2,2.5310506854363832e-05
envelope_morl,dag_scheduler_mo-v0,0,3,1.8074348958851365e-05
envelope_morl,dag_scheduler_mo-v0,1,3,1.4458105239005842e-05
envelope_morl,dag_scheduler_mo-v0,2,3,2.8912492689048857e-05
envelope_morl,dag_scheduler_mo-v0,0,4,2.8864872813474747e-05
envelope_morl,dag_scheduler_mo-v0,1,4,1.4467484722422484e-05
envelope_morl,dag_scheduler_mo-v0,2,4,2.887485578021062e-05
ppo_lagrangian,dag_scheduler_mo-v0,0,0,5.088976543825744e-05
ppo_lagrangian,dag_scheduler_mo-v0,1,0,5.211546152318047e-05
ppo_lagrangian,dag_scheduler_mo-v0,2,0,4.398990875572101e-05
ppo_lagrangian,dag_scheduler_mo-v0,0,1,0.0
ppo_lagrangian,dag_scheduler_mo-v0,1,1,2.2910614558968393e-06
ppo_lagrangian,dag_scheduler_mo-v0,2,1,0.0
ppo_lagrangian,dag_scheduler_mo-v0,0,2,0.0
ppo_lagrangian,dag_scheduler_mo-v0,1,2,2.1170062364341603e-06
ppo_lagrangian,dag_scheduler_mo-v0,2,2,0.0
ppo_lagrangian,dag_scheduler_mo-v0,0,3,2.677155049557862e-05
ppo_lagrangian,dag_scheduler_mo-v0,1,3,2.6532079998623654e-05
ppo_lagrangian,dag_scheduler_mo-v0,2,3,2.626128391546339e-05
ppo_lagrangian,dag_scheduler_mo-v0,0,4,1.479790640530846e-05
ppo_lagrangian,dag_scheduler_mo-v0,1,4,1.5898739716847023e-05
ppo_lagrangian,dag_scheduler_mo-v0,2,4,1.6368903573015573e-05
focops,dag_scheduler_mo-v0,0,0,3.409441416037195e-05
focops,dag_scheduler_mo-v0,1,0,4.052209232106687e-05
focops,dag_scheduler_mo-v0,2,0,3.340333518543834e-05
focops,dag_scheduler_mo-v0,0,1,0.0
focops,dag_scheduler_mo-v0,1,1,2.2813603705105727e-06
focops,dag_scheduler_mo-v0,2,1,0.0
focops,dag_scheduler_mo-v0,0,2,0.0
focops,dag_scheduler_mo-v0,1,2,2.111937734670134e-06
focops,dag_scheduler_mo-v0,2,2,0.0
focops,dag_scheduler_mo-v0,0,3,2.270531665562471e-05
focops,dag_scheduler_mo-v0,1,3,2.3514185504442938e-05
focops,dag_scheduler_mo-v0,2,3,2.4613208948929627e-05
focops,dag_scheduler_mo-v0,0,4,2.0299656390539463e-05
focops,dag_scheduler_mo-v0,1,4,2.1186345351865523e-05
focops,dag_scheduler_mo-v0,2,4,2.14014804015198e-05
duojoule,dag_scheduler_mo-v0,0,0,2.0739595791728537e-05
duojoule,dag_scheduler_mo-v0,1,0,2.070864247234744e-05
duojoule,dag_scheduler_mo-v0,2,0,2.0736534493033664e-05
duojoule,dag_scheduler_mo-v0,0,1,1.4615503961473848e-05
duojoule,dag_scheduler_mo-v0,1,1,1.461595716413022e-05
duojoule,dag_scheduler_mo-v0,2,1,1.462191473655386e-05
duojoule,dag_scheduler_mo-v0,0,2,1.4599364840981249e-05
duojoule,dag_scheduler_mo-v0,1,2,1.459784821624894e-05
duojoule,dag_scheduler_mo-v0,2,2,1.4598427940391387e-05
duojoule,dag_scheduler_mo-v0,0,3,3.181054840857402e-05
duojoule,dag_scheduler_mo-v0,1,3,3.179181613849204e-05
duojoule,dag_scheduler_mo-v0,2,3,3.179442316042893e-05
duojoule,dag_scheduler_mo-v0,0,4,1.4627867756988814e-05
duojoule,dag_scheduler_mo-v0,1,4,1.4626036278303695e-05
duojoule,dag_scheduler_mo-v0,2,4,1.4625556001231427e-05
max_action,dag_scheduler_mo-v0,0,0,0.00023263680943333642
max_action,dag_scheduler_mo-v0,1,0,0.0002358844062753965
max_action,dag_scheduler_mo-v0,2,0,0.00023720689330601724
max_action,dag_scheduler_mo-v0,0,1,0.0
max_action,dag_scheduler_mo-v0,1,1,0.0
max_action,dag_scheduler_mo-v0,2,1,0.0
max_action,dag_scheduler_mo-v0,0,2,0.0
max_action,dag_scheduler_mo-v0,1,2,0.0
max_action,dag_scheduler_mo-v0,2,2,0.0
max_action,dag_scheduler_mo-v0,0,3,1.985194580626285e-05
max_action,dag_scheduler_mo-v0,1,3,2.1644595598849765e-05
max_action,dag_scheduler_mo-v0,2,3,2.253088139119615e-05
max_action,dag_scheduler_mo-v0,0,4,1.3614777075082074e-05
max_action,dag_scheduler_mo-v0,1,4,1.529016881441572e-05
max_action,dag_scheduler_mo-v0,2,4,1.7836090588503302e-05
max_performance,dag_scheduler_mo-v0,0,0,0.00023266235619237856
max_performance,dag_scheduler_mo-v0,1,0,0.00023588224427834335
max_performance,dag_scheduler_mo-v0,2,0,0.00023695022045568193
max_performance,dag_scheduler_mo-v0,0,1,0.0
max_performance,dag_scheduler_mo-v0,1,1,0.0
max_performance,dag_scheduler_mo-v0,2,1,0.0
max_performance,dag_scheduler_mo-v0,0,2,0.0
max_performance,dag_scheduler_mo-v0,1,2,0.0
max_performance,dag_scheduler_mo-v0,2,2,0.0
max_performance,dag_scheduler_mo-v0,0,3,1.9840572532595765e-05
max_performance,dag_scheduler_mo-v0,1,3,2.1631555603543333e-05
max_performance,dag_scheduler_mo-v0,2,3,2.253900656089649e-05
max_performance,dag_scheduler_mo-v0,0,4,1.3625892018656984e-05
max_performance,dag_scheduler_mo-v0,1,4,1.5292023833486713e-05
max_performance,dag_scheduler_mo-v0,2,4,1.7835797652319854e-05
pcn,dag_scheduler_mo-v0,0,0,0.00021642939432207382
pcn,dag_scheduler_mo-v0,1,0,0.0002152624783522183
pcn,dag_scheduler_mo-v0,2,0,0.00014483879846586482
pcn,dag_scheduler_mo-v0,0,1,1.4102611466101853e-06
pcn,dag_scheduler_mo-v0,1,1,2.1088493630652073e-05
pcn,dag_scheduler_mo-v0,2,1,2.0847155023172073e-05
pcn,dag_scheduler_mo-v0,0,2,0.0
pcn,dag_scheduler_mo-v0,1,2,2.0979749802301072e-05
pcn,dag_scheduler_mo-v0,2,2,2.0855384470901685e-05
pcn,dag_scheduler_mo-v0,0,3,2.3430679545566483e-05
pcn,dag_scheduler_mo-v0,1,3,2.4652264159174675e-05
pcn,dag_scheduler_mo-v0,2,3,2.477252760225164e-05
pcn,dag_scheduler_mo-v0,0,4,1.775792945516931e-05
pcn,dag_scheduler_mo-v0,1,4,2.276043881893135e-05
pcn,dag_scheduler_mo-v0,2,4,1.7508630510125724e-05
